assemble0	2N1M9I284M26S				G---------GTGCAGTCTGGAGCAGAGGTGAAAAAGCCCGGGGAGTCTCTGAAGATCTCCTGTAAGGGTTCTGGATACAGCTTTACCAGCTACTGGATCGGCTGGGTGCGCCAGATGCCCGGGAAAGGCCTGGAGTGGATGGGGATCATCTATCCTGGTGACTCTGATACCAGATACAGCCCGTCCTTCCAAGGCCAGGTCACCATCTCAGCCGACAAGTCCATCAGCACCGCCTACCTGCAGTGGAGCAGCCTGAAGGCCTCGGACACCGCCATGTATTACTGTGCGAGACA	GGTGCAGCTGGTGCAGTCTGGAGCAGAGGTGAAAAAGCCCGGGGAGTCTCTGAAGATCTCCTGTAAGGGTTCTGGATACAGCTTTACCAGCTACTGGATCGGCTGGGTGCGCCAGATGCCCGGGAAAGGCCTGGAGTGGATGGGGATCATCTATCCTGGTGACTCTGATACCAGATACAGCCCGTCCTTCCAAGGCCAGGTCACCATCTCAGCCGACAAGTCCATCAGCACCGCCTACCTGCAGTGGAGCAGCCTGAAGGCCTCGGACACCGCCATGTATTACTGTGCGAGACA	283	-1
assemble1	17N278M111S1N	308S8N5M1D7M68S	315S2N1M3I57M16S		GTCTGGGGCTGAGGTGAAGAAGCCTGGGGCCTCAGTGAAGGTTTCCTGCAAGGCTTCTGGATACACCTTCACTAGCTATGCTATGCATTGGGTGCGCCAGGCCCCCGGACAAAGGCTTGAGTGGATGGGATGGATCAACGCTGGCAATGGTAACACAAAATATTCACAGAAGTTCCAGGGCAGAGTCACCATTACCAGGGACACATCCGCGAGCACAGCCTACATGGAGCTGAGCAGCCTGAGATCTGAAGACACGGCTGTGTATTACTGTGCGAGAGGGCAGGACGGTGACTACGTGGGCGAGCCCGGGGAGTCT---ACTACTACTACTACATGGACGTCTGGGGCAAAGGGACCACGGTCACCGTCTCCTCAG	GTCTGGGGCTGAGGTGAAGAAGCCTGGGGCCTCAGTGAAGGTTTCCTGCAAGGCTTCTGGATACACCTTCACTAGCTATGCTATGCATTGGGTGCGCCAGGCCCCCGGACAAAGGCTTGAGTGGATGGGATGGATCAACGCTGGCAATGGTAACACAAAATATTCACAGAAGTTCCAGGGCAGAGTCACCATTACCAGGGACACATCCGCGAGCACAGCCTACATGGAGCTGAGCAGCCTGAGATCTGAAGACACGGCTGTGTATTACTGTGCGAGAGGGCAGGACGGTGACTACGTGGGCGAGCCCGGGGAG-CTACTACTACTACTACTACATGGACGTCTGGGGCAAAGGGACCACGGTCACCGTCTCCTCAG	268	344
assemble2	61N235M109S3N	248S3N25M71S3N	281S3N47M16S		CCTGCACTGTCTCTGGTGGCTCCGTCAGCAGTGGTAGTTACTACTGGAGCTGGATCCGGCAGCCCCCAGGGAAGGGACTGGAGTGGATTGGGTATATCTATTACAGTGGGAGCACCAACTACAACCCCTCCCTCAAGAGTCGAGTCACCATATCAGTAGACACGTCCAAGAACCAGTTCTCCCTGAAGCTGAGCTCTGTGACCGCTGCGGACACGGCCGTGTATTACTGTGCGAGGGGGCGAACGATAATATTGTAGTAGTACCAGCTGCTATCTTCCATTTGCTTTTGATATCTGGGGCCAAGGGACAATGGTCACCGTCTCTTCAG	CCTGCACTGTCTCTGGTGGCTCCGTCAGCAGTGGTAGTTACTACTGGAGCTGGATCCGGCAGCCCCCAGGGAAGGGACTGGAGTGGATTGGGTATATCTATTACAGTGGGAGCACCAACTACAACCCCTCCCTCAAGAGTCGAGTCACCATATCAGTAGACACGTCCAAGAACCAGTTCTCCCTGAAGCTGAGCTCTGTGACCGCTGCGGACACGGCCGTGTATTACTGTGCGAGGGGGCGAACGATAATATTGTAGTAGTACCAGCTGCTATCTTCCATTTGCTTTTGATATCTGGGGCCAAGGGACAATGGTCACCGTCTCTTCAG	227	296
assemble3	16N277M98S3N	285S10N14M76S4N	304S3N1M3I56M14S		AGTCTGGGGGAGGCTTGGTCCAGCCTGGGGGGTCCCTGAGACTCTCCTGTGCAGCCTCTGGATTCACCTTCAGTAGCTATGGCATGCACTGGGTCCGCCAGGCTCCAGGCAAGGGGCTGGAGTGGGTCTCAGTTATTTATAGCGGTGGTAGTAGCACATACTATGCAGACTCCGTGAAGGGCCGATTCACCATCTCCAGAGACAATTCCAAGAACACGCTGTATCTGCAAATGAACAGCCTGAGAGCCGAGGACACGGCTGTGTATTACTGTGCGAAGGAGGTTGGGTGGTGACTGCTAGGGAAA---CTACTACTACGGTATGGACGTCTGGGGCCAAGGGACCACGGTCACCGTCTCCTCAG	AGTCTGGGGGAGGCGTGGTCCAGCCTGGGGGGTCCCTGAGACTCTCCTGTGCAGCGTCTGGATTCACCTTCAGTAGCTATGGCATGCACTGGGTCCGCCAGGCTCCAGGCAAGGGGCTGGAGTGGGTCTCAGTTATTTATAGCGGTGGTAGTAGCACATACTATGCAGACTCCGTGAAGGGCCGATTCACCATCTCCAGAGACAATTCCAAGAACACGCTGTATCTGCAAATGAACAGCCTGAGAGCTGAGGACACGGCTGTGTATTACTGTGCGAAGGAGGTTGGGTGGTGACTGCTAGGGAAACTACTACTACTACGGTATGGACGTCTGGGGCCAAGGGACCACGGTCACCGTCTCCTCAG	269	332
assemble4	2N198M6D95M12S1N				GGTGCAGCTGGTGGAGTCTGGGGGAGGCTTGGTCCAGCCTGGGGGGTCCCTGAGACTCTCCTGTGCAGCCTCTGGATTCACCTTCAGTAGCTATTGCATGAGCTGGGTCCGCCAGGCTCCAGGGAAGGGGCTGGAGTGGGTGGCCAACATAAAGCAAGATGGAAGTGAGAAATACTATGTGGACTCTGTGAAGGGCCGATTCACNNNNNNNATCTCCAGAGACAACGCCAAGAACTCACTGTATCTGCAAATGAACAGCCTGAGAGCCGAGGACACGGCCGTGTATTACTGTGCGAGAG	GGTGCAGCTGGTGGAGTCTGGGGGAGGCTTGGTCCAGCCTGGGGGGTCCCTGAGACTCTCCTGTGCAGCCTCTGGATTCACCTTTAGTAGCTATTGGATGAGCTGGGTCCGCCAGGCTCCAGGGAAGGGGCTGGAGTGGGTGGCCAACATAAAGCAAGATGGAAGTGAGAAATACTATGTGGACTCTGTGAAGGGCCG------ATTCACCATCTCCAGAGACAACGCCAAGAACTCACTGTATCTGCAAATGAACAGCCTGAGAGCCGAGGACACGGCCGTGTATTACTGTGCGAGAG	289	-1
assemble5	64N232M129S	242S6N13M106S2N	273S5N43M45S	316S45M1437N	GTGCAGCCTCTGGATTCACCTTCAGTGACTACTACATGAGCTGGATCCGCCAGGCTCCAGGGAAGGGGCTGGAGTGGGTTTCATACATTAGTAGTAGTGGTAGTACCATAAACTACGCAGACTCTGTGAAGGGCCGATTCACCATCTCCAGAGACAACGCCAAGAACTCACTGTATCTGCAAATGAACAGCCTGAGAGCCGAGGACACGGCCGTGTATTACTGTGCGAGAGACCCTCCCCGGAGCAGTGGCTGGTGGGCGTCCCCTCTTCGTTTTTGACTACTGGGGCCAGGGAACCCTGGTCACCGTCTCCTCAG	GTGCAGCCTCTGGATTCACCTTCAGTGACTACTACATGAGCTGGATCCGCCAGGCTCCAGGGAAGGGGCTGGAGTGGGTTTCATACATTAGTAGTAGTGGTAGTACCATATACTACGCAGACTCTGTGAAGGGCCGATTCACCATCTCCAGGGACAACGCCAAGAACTCACTGTATCTGCAAATGAACAGCCTGAGAGCCGAGGACACGGCCGTGTATTACTGTGCGAGAGACCCTCCCCGGAGCAGTGGCTGGTGGGCGTCCCCTCTTCGTTTTTGACTACTGGGGCCAGGGAACCCTGGTCACCGTCTCCTCAG	221	284
assemble6	18N227M33I17M91S1N		273S5N43M19S	316S19M1463N	TCTGGGGGAGGCTTGGTCCAGCCTGGGGGGTCCCTGAGACTCTCCTGTGCAGCCTCTGGATTCACCTTTAGCAGCTATGCCATGAGCTGGGTCCGCCAGGCTCCAGGGAAGGGGCTGGAGTGGGTCTCAGCTATTAGTGGTAGTGGTGGTAGCACATACTACGCAGACTCCGTGAAGGGCCGGTTCACCATCTCCAGAGACAATTCCAAGAACACGCTGTATCTGCA---------------------------------ANNNNNNNGTGCGAAAGCCGCATGACTCACGTACAGTAACTCCACATTTGACTACTGGGGCCAGGGAACCCTGGTCACCGTCTCCTCAG	TCTGGGGGAGGCTTGGTACAGCCTGGGGGGTCCCTGAGACTCTCCTGTGCAGCCTCTGGATTCACCTTTAGCAGCTATGCCATGAGCTGGGTCCGCCAGGCTCCAGGGAAGGGGCTGGAGTGGGTCTCAGCTATTAGTGGTAGTGGTGGTAGCACATACTACGCAGACTCCGTGAAGGGCCGGTTCACCATCTCCAGAGACAATTCCAAGAACACGCTGTATCTGCAAATGAACAGCCTGAGAGCCGAGGACACGGCCGTATATTACTGTGCGAAAGCCGCATGACTCACGTACAGTAACTCCACATTTGACTACTGGGGCCAGGGAACCCTGGTCACCGTCTCCTCAG	270	317
assemble7	41N255M110S	276S12N12M77S7N	280S48M37S	328S37M1445N	TGGGGCCTCAGTGAAGGTCTCCTGCAAGGCTTCTGGATACACCTTCACCGGCTACTATATGCACTGGGTGCGACAGGCCCCTGGACAAGGGCTTGAGTGGATGGGACGGATCAACCCTAACAGTGGTGGCACAAACTATGCACAGAAGTTTCAGGGCTGGGTCACCATGACCAGGGACACGTCCACGAGCACAGCCTACATGGAGCTGAGCAGCCTGAGATCTGAGGACACGGCCGTGTATTACTGTGCGAGAGACTTAGCAGTGGCTCCCCCGGCTAGTACTACTTTGACTACTGGGGCCAGGGAACCCTGGTCACCGTCTCCTCAG	TGGGGCCTCAGTGAAGGTCTCCTGCAAGGCTTCTGGATACACCTTCACCGGCTACTATATGCACTGGGTGCGACAGGCCCCTGGACAAGGGCTTGAGTGGATGGGATGGATCAACCCTAACAGTGGTGGCACAAACTATGCACAGAAGTTTCAGGGCTGGGTCACCATGACCAGGGACACGTCCATCAGCACAGCCTACATGGAGCTGAGCAGGCTGAGATCTGACGACACGGCCGTGTATTACTGTGCGAGAGACTTAGCAGTGGCTCCCCCGGCTAGTACTACTTTGACTACTGGGGCCAGGGAACCCTGGTCACCGTCTCCTCAG	244	296
assemble8	179N100M209S14N		158S2N1M3I57M93S	216S93M1389N	CCCCTCCCTCAAGAGTCGAGTCACCATATCAGTAGACACGTCCAAGAACCAGTTCTCCCTGAAGCTGAGCTCTGTGACCGCTGCGGACACGGCCGTGTATNNNNNNNAGGTGGTGATTGCTATTGGCCACGCAGATTTACCCCCGGGACCCCTCGTTCT---ACTACTACTACTACATGGACGTCTGGGGCAAAGGGACCACGGTCACCGTCTCCTCAG	CCCCTCCCTCAAGAGTCGAGTCACCATATCAGTAGACACGTCCAAGAACCAGTTCTCCCTGAAGCTGAGCTCTGTGACCGCTGCGGACACGGCCGTGTATNNNNNNNAGGTGGTGATTGCTATTGGCCACGCAGATTTACCCCCGGGACCCCTCGTTCTACTACTACTACTACTACATGGACGTCTGGGGCAAAGGGACCACGGTCACCGTCTCCTCAG	123	187
assemble9	52N241M141S3N	250S5N25M107S1N	301S1N1M3I58M22S	360S22M1460N	TGAAGGTCTCCTGCAAGGCTTCTGGAGGCACCTTCAGCAGCTATGCTATCAGCTGGGTGCGACAGGCCCCTGGACAAGGGCTTGAGTGGATGGGAGGGATCATCCTTATCTTTGGTACAGCAAACTACGCACAGAAGTTCCAGGGCAGAGTCACGATTACCGCGGACGAATCCACGAGCACAGCCTACATGGAGCTGAGCAGCCTGAGATCTGAGGACACGGCCGTGTATTACTGTGCGAGCAACGCTGGATTGTACTGGTGGTGTATGCTAAACAATGGATTTAGATCGAGGGGAAGAAGT---TACTACTACTACTACATGGACGTCTGGGGCAAAGGGACCACGGTCACCGTCTCCTCAG	TGAAGGTCTCCTGCAAGGCTTCTGGAGGCACCTTCAGCAGCTATGCTATCAGCTGGGTGCGACAGGCCCCTGGACAAGGGCTTGAGTGGATGGGAGGGATCATCCCTATCTTTGGTACAGCAAACTACGCACAGAAGTTCCAGGGCAGAGTCACGATTACCGCGGACGAATCCACGAGCACAGCCTACATGGAGCTGAGCAGCCTGAGATCTGAGGACACGGCCGTGTATTACTGTGCGAGCAACGCTGGATTGTACTGGTGGTGTATGCTATACAATGGATTTAGATCGAGGGGAAGAAGTTACTACTACTACTACTACATGGACGTCTGGGGCAAAGGGACCACGGTCACCGTCTCCTCAG	233	331
assemble10	1S37N123M3I122M192S11N	249S25M164S6N	285S2N1M3I57M95S	343S95M1387N	AGCCTGGGGGGTCCCTGAGACTCTCCTGTGCAGCCTCTGGATTCACCTTCAGTAGCTATTGCATGAGCTGGGTCCGCCAGGCTCCAGGGAAGGGGCTGGAGTGGGTCTCATCCATTAGTAGTA---GTAGTACCATATACTACGCAGACTCTGTGAAGGGCCGATTCACCATCTCCAGAGACAACGCCAAGAACTCACTGTATCTGCAAATGAACAGCCTGAGAGCCGAGGACACGGCTGTGTATTACGGGGTATTACGATTTTTGGAGTGGTTATAAAAGCGGGGGT---ACTACTACTACGGTATGGACGTCTGGGGCCAAGGGACCACGGTCACCGTCTCCTCAG	AGCCTGGGGGGTCCCTGAGACTCTCCTGTGCAGCCTCTGGATTCACCTTCAGTAGCTATAGCATGAACTGGGTCCGCCAGGCTCCAGGGAAGGGGCTGGAGTGGGTCTCATCCATTAGTAGTAGTGGTAGTACCATATACTACGCAGACTCAGTGAAGGGCCGATTCACCATCTCCAGAGACAACGCCAAGAACTCACTGTATCTGCAAATGAACAGCCTGAGAGCCGAGGACACGGCTGTGTATTACGGGGTATTACGATTTTTGGAGTGGTTATAAAAGCGGGGGTACTACTACTACTACGGTATGGACGTCTGGGGCCAAGGGACCACGGTCACCGTCTCCTCAG	248	316
assemble11	139N157M160S	157S5N12M148S3N	174S50M93S	224S93M1389N	GGATGGGGATCATCTATCCTGGTGACTCTGATACCAGATACAGCCCGTCCTTCCAAGGCCAGGTCACCATCTCAGCCGACAAGTCCATCAGCACCGCCTACCTGCAGTGGAGCAGCCTGAAGGCCTCGGACACCGCCATGTATTACTGTGCGAGACAAGTGGGAGCGACCCTCATGATGCTTTTGATATCTGGGGCCAAGGGACAATGGTCACCGTCTCTTCAG	GGATGGGGATCATCTATCCTGGTGACTCTGATACCAGATACAGCCCGTCCTTCCAAGGCCAGGTCACCATCTCAGCCGACAAGTCCATCAGCACCGCCTACCTGCAGTGGAGCAGCCTGAAGGCCTCGGACACCGCCATGTATTACTGTGCGAGACAAGTGGGAGCTACCCTCATGATGCTTTTGATATCTGGGGCCAAGGGACAATGGTCACCGTCTCTTCAG	146	192
assemble12	124N36M3I130M96S3N	183S1N29M50S1N	229S5N33M13N		GGAAGGGGCTGGAGTGGGTCTCATCCATTAGTAGTA---GTAGTACCATATACTACGCAGACTCTGTGAAGGGCCGATTCACCATCTCCAGAGACAACGCCAAGAACTCACTGTATCTGCAAATGAACAGCCTGAGAGCCGAGGACACGGCTGTGTATTACTGTGCGAGGAATCCGACCCGGAAACGGATATTGTAGTGGTGGTAGCTGCTACTCGCGGTACCCTCTACACTTGGTTCGACCCCTGGGGCCAGGGAACCCTGGTC	GGAAGGGGCTGGAGTGGGTCTCATCCATTAGTAGTAGTGGTAGTACCATATACTACGCAGACTCAGTGAAGGGCCGATTCACCATCTCCAGAGACAACGCCAAGAACTCACTGTATCTGCAAATGAACAGCCTGAGAGCCGAGGACACGGCTGTGTATTACTGTGCGAGGAATCCGACCCGGAAACGGATATTGTAGTGGTGGTAGCTGCTACTCGCGGTACCCTCTACACTTGGTTCGACCCCTGGGGCCAGGGAACCCTGGTC	161	246
assemble13	237N57M210S2N	94S5N19M1D5M148S2N	115S2N1M3I57M94S	173S94M1388N	TACATGGAGCTGAGGAGCCTGAGATCTGACGACACGGCCGTGTATTACTGTGCGAGAAATGGGAGTTCGGATTTTGATCCAATCTCCTCGGGGGATTGTAGTAGTACCAGCTGCCT---ACTACTACTACTACATGGACGTCTGGGGCAAAGGGACCACGGTCACTGTCTCCTCAG	TACATGGAGCTGAGGAGCCTGAGATCTGACGACACGGCCGTGTATTACTGTGCGAGAAATGGGAGTTCGGATTTTGATCCAATCTCCTCGGGGGATTGTAGTGGTGGTAGCTG-CTACTACTACTACTACTACATGGACGTCTGGGGCAAAGGGACCACGGTCACCGTCTCCTCAG	48	144
assemble15	77N216M156S	225S15N15M132S1N	237S2N46M89S	283S89M1393N	ATTCGCCTTCAGTAGCTATGCTCTGCACTGGGTTCGCCGGGCTCCAGGGAAGGGTCTGGAGTGGGTATCAGCTATTGGTACTGGTGGTGATACATACTATGCAGACTCCGTGATGGGCCGATTCACCATCTCCAGAGACAACGCCAAGAAGTCCTTGTATCTTCATATGAACAGCCTGATAGCTGAGGACATGGCTGTGTATTATTGTGCAAGAGACCTAAGACATACCAGCTGCTATACTTTGACTACTGGGGCCAGGGAACCCTGGTCACCGTCTCCTCAG	ATTCGCCTTCAGTAGCTATGCTCTGCACTGGGTTCGCCGGGCTCCAGGGAAGGGTCTGGAGTGGGTATCAGCTATTGGTACTGGTGGTGATACATACTATGCAGACTCCGTGATGGGCCGATTCACCATCTCCAGAGACAACGCCAAGAAGTCCTTGTATCTTCATATGAACAGCCTGATAGCTGAGGACATGGCTGTGTATTATTGTGCAAGAGACCTAAGACATACCAGCTGCTATACTTTGACTACTGGGGCCAGGGAACCCTGGTCACCGTCTCCTCAG	205	251
assemble16			24S2N1M6I54M95S	79S95M1387N	T------ACTACTACGGTATGGACGTCTGGGGCCAAGGGACCACGGTCACCGTCTCCTCAG	TACTACTACTACTACGGTATGGACGTCTGGGGCCAAGGGACCACGGTCACCGTCTCCTCAG	-1	29
assemble17	90N212M66S	223S1N18M37S2N	236S4N4M6D32M11N		GACTACTACATGAGCTGGGTCCGCCAGGCTCCCGGGAAGGGGCTGGAGTGGGTAGGTTTCATTAGAAACAAAGCTAATGGTGGGACAACAGAATAGACCACGTCTGTGAAAGGCAGATTCACAATCTCAAGAGATGATTCCAAAAGCATCACCTATCTGCAAATGAACAGCCTGAGAGCCGAGGACACGGCCGTGTATTACTGTGCGAGAGACCTCGGCCGTAGGTATAGCAGTGGCTGGTTCTGTTTCGACCCCTGGGGCCAGGGAACCCTGGTCAC	GACTACTACATGAGCTGGGTCCGCCAGGCTCCCGGGAAGGGGCTGGAGTGGGTAGGTTTCATTAGAAACAAAGCTAATGGTGGGACAACAGAATAGACCACGTCTGTGAAAGGCAGATTCACAATCTCAAGAGATGATTCCAAAAGCATCACCTATCTGCAAATGAACAGCCTGAGAGCCGAGGACACGGCCGTGTATTACTGTGCGAGAGACCTCGGCCGTAGGTATAGCAGTGGCTGG------TTCGACCCCTGGGGCCAGGGAACCCTGGTCAC	201	257
assemble19	121N172M172S3N	183S8N16M145S7N	206S4N31M107S13N	250S94M1388N	CCCCAGGGAAGGGGCTGGAGTGGATTGGGAGTATCTATCATAGTGGGAGCACCTACTACAACCCGTCCCTCAAGAGTCGAGTCACCATATCAGTAGACACGTCCAAGAACCAGTTCTCCCTGAAGCTGAGCTCTGTGACCGCCGCAGACACGGCCGTGTATTACTGTGCGAGGGTACCCCGCGATGATAGTAGTGGTTAAACAACCCTTTGACTACTGGGGCCAGGGAACCCTGGTC	CCCCAGGGAAGGGGCTGGAGTGGATTGGGAGTATCTATCATAGTGGGAGCACCTACTACAACCCGTCCCTCAAGAGTCGAGTCACCATATCAGTAGACACGTCCAAGAACCAGTTCTCCCTGAAGCTGAGCTCTGTGACCGCCGCAGACACGGCCGTGTATTACTGTGCGAGGGTACCCCGCGATGATAGTAGTGGTTAAACAACCCTTTGACTACTGGGGCCAGGGAACCCTGGTC	164	218
assemble20	145N140M87S8N	140S4N24M63S3N	162S2M3I58M5S		CAGCTATTGGTACTGCTGGTGACACATACTATCCAGGCTCCGTGAAGGGCCGATTCACCATCTCCAGAGAAAATGCCAAGAACTCCTTGTATCTTCAAATGAACAGCCTGAGAGCCGGGGACACGGCTGTGTATTACTGTTATTGTAGTAGTACCAGCTGCTAT---TACTACTACTACGGTATGGACGTCTGGGGCCAAGGGACCACGGTCACCGTCTCCTCAG	CAGCTATTGGTACTGCTGGTGACACATACTATCCAGGCTCCGTGAAGGGCCGATTCACCATCTCCAGAGAAAATGCCAAGAACTCCTTGTATCTTCAAATGAACAGCCTGAGAGCCGGGGACACGGCTGTGTATTACTGTTATTGTAGTAGTACCAGCTGCTATTACTACTACTACTACGGTATGGACGTCTGGGGCCAAGGGACCACGGTCACCGTCTCCTCAG	137	193
assemble22	117N176M115S	188S7N22M81S2N	228S7N41M22S	269S22M1460N	CCCCCAGGGAAGGGACTGGAGTGGATTGGGTATATCTATTACAGTGGGAGCACCAACTACAACCCCTCCCTCAAGAGTCGAGTCACCATATCAGTAGACACGTCCAAGAACCAGTTCTCCCTGAAGCTGAGCTCTGTGACCGCTGCGGACACGGCCGTGTATTACTGTGCGAGAGATGGTACCCCGGATGTAGTAGTACCAGCTGCTATGTTTCTTAAACCGGTCGTCTGACTACTGGGGCCAGGGAACCCTGGTCACCGTCTCCTCAG	CCCCCAGGGAAGGGACTGGAGTGGATTGGGTATATCTATTACAGTGGGAGCACCAACTACAACCCCTCCCTCAAGAGTCGAGTCACCATATCAGTAGACACGTCCAAGAACCAGTTCTCCCTGAAGCTGAGCTCTGTGACCGCTGCGGACACGGCCGTGTATTACTGTGCGAGAGATGGTACCCCGGATGTAGTAGTACCAGCTGCTATGTTTCTTAAACCGGTCGTCTGACTACTGGGGCCAGGGAACCCTGGTCACCGTCTCCTCAG	165	237
assemble23	75N218M34S3N				GGATTCACCTTCAGTAGCTACTGGATGCACTGGGTCCGCCAAGCTCCAGGGAAGGGGCTGGTGTGGGTCTCACGTATTAATAGTGATGGGAGTAGCACAAGCTACGCGGACTCCGTGAAGGGCCGATTCACCATCTCCAGAGACAACGCCAAGAACACGCTGTATCTGCAAATGAACAGTCTGAGAGCCGAGGACACGGCTGTGTATTACTGTGCAAG	GGATTCACCTTCAGTAGCTACTGGATGCACTGGGTCCGCCAAGCTCCAGGGAAGGGGCTGGTGTGGGTCTCACGTATTAATAGTGATGGGAGTAGCACAAGCTACGCGGACTCCGTGAAGGGCCGATTCACCATCTCCAGAGACAACGCCAAGAACACGCTGTATCTGCAAATGAACAGTCTGAGAGCCGAGGACACGGCTGTGTATTACTGTGCAAG	210	-1
assemble25	25N278M26S2N				CAGGACTGGTGAAGCCCTCGCAGACCCTCTCACTCACCTGTGCCATCTCCGGGGACAGTGTCTCTAGCAACAGTGCTGCTTGGAACTGGATCAGGCAGTCCCCATCGAGAGGCCTTGAGTGGCTGGGAAGGACATACTACAGGTCCAAGTGGTATAATGATTATGCAGTATCTGTGAAAAGTCGAATAACCATCAACCCAGACACATCCAAGAACCAGTTCTCCCTGCAGCTGAACTCTGTGACTCCCGAGGACACGGCTGTGTATTACTGTGCAAGA	CAGGACTGGTGAAGCCCTCGCAGACCCTCTCACTCACCTGTGCCATCTCCGGGGACAGTGTCTCTAGCAACAGTGCTGCTTGGAACTGGATCAGGCAGTCCCCATCGAGAGGCCTTGAGTGGCTGGGAAGGACATACTACAGGTCCAAGTGGTATAATGATTATGCAGTATCTGTGAAAAGTCGAATAACCATCAACCCAGACACATCCAAGAACCAGTTCTCCCTGCAGCTGAACTCTGTGACTCCCGAGGACACGGCTGTGTATTACTGTGCAAGA	269	-1
assemble26	131N100M6I59M187S	177S5N22M147S4N	201S4N47M98S	248S98M1384N	GCTGGTGTGGGTCTCACGTATTAATAGTGATGGGAGTAGCACAAGCTACGCGGACTCCGTGAAGGGCCGATTAACCATCTCCAGAGACAACGCCAAGAAC------NNNNNNNAAATGAACAGTCTGAGAGCCGAGGACACGGCTGTGTATTACTGTGCAAGAGATGTAGGAGGGGTATTTCCATTGTAGTGGTGGTAGCTGCTATGCTGGTTCGACCCCTGGGGCCAGGGAACCCTGGTCACCGTCTCCTCAG	GCTGGTGTGGGTCTCACGTATTAATAGTGATGGGAGTAGCACAAGCTACGCGGACTCCGTGAAGGGCCGATTCACCATCTCCAGAGACAACGCCAAGAACACGCTGTATCTGCAAATGAACAGTCTGAGAGCCGAGGACACGGCTGTGTATTACTGTGCAAGAGATGTAGGAGGGGTATTTCCATTGTAGTGGTGGTAGCTGCTATGCTGGTTCGACCCCTGGGGCCAGGGAACCCTGGTCACCGTCTCCTCAG	154	222
assemble27	229N64M186S3N	73S1N27M150S3N	110S7N41M99S	151S99M1383N	ACTCACTGTATCTGCAAATGAACAGCCTGAGAGCCGAGGACACGGCTGTGTATTACTGTGCGAGCGCAGCACGGGATATTGTAGTGGTGGTAGCTGCTACGGTTCATTTATGACTACTGGGGCCAGGGAACCCTGGTCACCGTCTCCTCAG	ACTCACTGTATCTGCAAATGAACAGCCTGAGAGCCGAGGACACGGCTGTGTATTACTGTGCGAGCGCAGCACGGGATATTGTAGTGGTGGTAGCTGCTACGGTTCATTTATGACTACTGGGGCCAGGGAACCCTGGTCACCGTCTCCTCAG	56	119
assemble28	222N69M160S5N	78S2N15M136S14N	108S3N60M61S	168S61M1421N	TCCGTGAGCACAGCCTACATGGAGCTGAGCAGCCTGAGATCTGAAGACATGGTCGTGTATTCCTGTGTGTCCCTCAGAATTACTATGGTTCAGATTCGAACTCGAAGAACTACTACTACTACTACATGGACGTCTGGGGCAAAGGGACCACGGTCACCGTCTCCTCAG	TCCATGAGCACAGCCTACATGGAGCTGAGCNGCCTGAGATCCGAAGACATGGTCGTGTATTACTGTGTGTCCCTCAGAATTACTATGGTTCAGATTCGAACTCGAAGAACTACTACTACTACTACATGGACGTCTGGGGCAAAGGGACCACGGTCACCGTCTCCTCAG	63	136
assemble29	190N100M185S6N		158S15N36M91S	194S91M1391N	TGAAGGGCCGATTCACCATCTCCAGAGACAATTCCAAGAACACGCTGTATCTGCAAATGAACAGCCTGAGAGCCGAGGACACGGCTGTGTATTACTGTGCNNNNNNNTGTGCGAAAGATCTCAGGTGTCCCCTCTATGATAGTAGTGGTTATTACGGGCCTGGGGCCAGGGAACCCTGGTCACCGTCTCCTCAG	TGAAGGGCCGATTCACCATCTCCAGAGACAATTCCAAGAACACGCTGTATCTGCAAATGAACAGCCTGAGAGCCGAGGACACGGCTGTGTATTACTGTGCNNNNNNNTGTGCGAAAGATCTCAGGTGTCCCCTCTATGATAGTAGTGGTTATTACGGGCCTGGGGCCAGGGAACCCTGGTCACCGTCTCCTCAG	95	162
assemble30	240N56M140S	63S6N20M113S5N	91S3N1M3D59M42S	154S42M1440N	CTGCAAATGAACAGCCTGAGAGCCGAGGACACGGCTGTGTATTACTGTGCGAGAGATAGGGAGTTGTAGTAGTACCAGCTGCTGTCACGGGACTACTACTACTACTACTACATGGACGTCTGGGGCAAAGGGACCACGGTCACCGTCTCCTCAG	CTGCAAATGAACAGCCTGAGAGCCGAGGACACGGCTGTGTATTACTGTGCGAGAGATAGGGAGTTGTAGTAGTACCAGCTGCTGTCACGGGA---CTACTACTACTACTACATGGACGTCTGGGGCAAAGGGACCACGGTCACCGTCTCCTCAG	45	122
assemble31	241N55M194S	90S6N25M134S	115S4N44M90S	159S90M1392N	TGCAAATGAACAGCCTGAGAGCCGAGCACACGGCCGTATATTACTGTGCGAAAGACGTTGCAAGCACCAGGGCACTGCCGAAACCCCCAGTTGTAGTAGTACCAGCTGCTATCCCCTTTGACTACTGGGGCCAGGGAACCCTGGTCACCGTCTCCTCAG	TGCAAATGAACAGCCTGAGAGCCGAGGACACGGCCGTATATTACTGTGCGAAAGACGTTGCAAGCACCAGGGCACTGCCGAAACCCCCAGTTGTAGTAGTACCAGCTGCTATGCCCTTTGACTACTGGGGCCAGGGAACCCTGGTCACCGTCTCCTCAG	44	127
assemble32	139N156M50S1N				GGATGGGATGGATCAACGCTGGCAATGGTAACACAAAATATTCACAGAAGTTCCAGGGCAGAGTCACCATTACCAGGGACACATCCGCGAGCACAGCCTACATGGAGCTGAGCAGCCTGAGATCTGAAGACACGGCTGTGTATTACTGTGCGAGAG	GGATGGGATGGATCAACGCTGGCAATGGTAACACAAAATATTCACAGAAGTTCCAGGGCAGAGTCACCATTACCAGGGACACATCCGCGAGCACAGCCTACATGGAGCTGAGCAGCCTGAGATCTGAAGACACGGCTGTGTATTACTGTGCGAGAG	146	-1
assemble33	244N44M158S6N	50S3N14M138S14N	71S3N47M84S	118S84M1398N	AAATGGACAGTCTGAAAGCTAAGGACACGGCCATGTATTACTGTGCGGCTTTACTATGGTTCAGCCCGGGGTGCTTTTGATATCTGGGGCCAAGGGACAATGGTCACCGTCTCTTCAG	AAATGGACAGTCTGAAAGCTAAGGACACGGCCATGTATTACTGTGCGGCTTTACTATGGTTCAGCCCGGGGTGCTTTTGATATCTGGGGCCAAGGGACAATGGTCACCGTCTCTTCAG	41	86
assemble34	229N64M132S	69S6N25M102S	107S11N37M52S	144S52M1430N	CGCTGTATCTTCAAATGAACAGCCTGAGAGCCGAGGACACGGCTGTGTATTACTGTGCGAGAGATATTGTTGTAGTGGTGGTAGCTGCTACTCCCAGGGCCCAAATTTACTGGGGCCAGGGAACCCTGGTCACCGTCTCCTCAG	CGCTGTATCTTCAAATGAACAGCCTGAGAGCCGAGGACACGGCTGTGTATTACTGTGCGAGAGATATTGTTGTAGTGGTGGTAGCTGCTACTCCCAGGGCCCAAATTTACTGGGGCCAGGGAACCCTGGTCACCGTCTCCTCAG	53	112
assemble36	96N200M119S	219S2N16M84S	251S2N1M3I57M10S		GGCATGCACTGGGTCCGCCAGGCTCCAGGCAAGGGGCTGGAGTGGGTCTCAGTTATTTATAGCGGTGGTAGTAGCACATACTATGCAGACTCCGTGAAGGGCCGATTCACCATCTCCAGAGACAATTCCAAGAACACGCTGTATCTGCAAATGAACAGCCTGAGAGCTGAGGACACGGCTGTGTATTACTGTGCGAAAGATCTAGGAAAGGTAGTCGCCGTATAGCAGCTCGTCCGGAGGGGATTTCTTCCT---ACTACTACTACGGTATGGACGTCTGGGGCCAAGGGACCACGGTCACCGTCTCCTCAG	GGCATGCACTGGGTCCGCCAGGCTCCAGGCAAGGGGCTGGAGTGGGTCTCAGTTATTTATAGCGGTGGTAGTAGCACATACTATGCAGACTCCGTGAAGGGCCGATTCACCATCTCCAGAGACAATTCCAAGAACACGCTGTATCTGCAAATGAACAGCCTGAGAGCTGAGGACACGGCTGTGTATTACTGTGCGAAAGATCTAGGAAAGGTAGTCGCCGTATAGCAGCTCGTCCGGAGGGGATTTCTTCCTACTACTACTACTACGGTATGGACGTCTGGGGCCAAGGGACCACGGTCACCGTCTCCTCAG	189	280
assemble37	258N36M141S2N	39S3N18M120S	63S1N62M52S	125S52M1430N	AGATCTGAAGACACGGCTGTGTATTACTGTGCGAGACCCTATAGCAGCAGCTGGTACGAAAGTTTACTACTACTACTACGGTATGGACGTCTGGGGCCAAGGGACCACGGTCACCGTCTCCTCAG	AGATCTGAAGACACGGCTGTGTATTACTGTGCGAGACCCTATAGCAGCAGCTGGTACGAAAGTTTACTACTACTACTACGGTATGGACGTCTGGGGCCAAGGGACCACGGTCACCGTCTCCTCAG	27	93
assemble38	7N283M11S3N				AGCTACAGCAGTGGGCCGCAGGACTGTTGAAGCCTTCGGAGACCCTGTCCCTCACCTGCGCTGTCTATGGTGGCTCCATCAGTAGTTACTACTGGAGCTGGATCCGGCAGCCCCCAGGGAAGGGACTGGAGTGGATTGGGTATATCTATTACAGTGGGAGCACCAACTACAACCCCTCCCTCAAGAGTCGAGTCACCATATCAGTAGACACGTCCAAGAACCAGTTCTCCCTGAAGCTGAGCTCTGTGACCGCTGCGGACACGGCCGTGTATTACTGTGCGAG	AGCTACAGCAGTGGGGCGCAGGACTGTTGAAGCCTTCGGAGACCCTGTCCCTCACCTGCGCTGTCTATGGTGGCTCCATCAGTAGTTACTACTGGAGCTGGATCCGGCAGCCCGCCGGGAAGGGGCTGGAGTGGATTGGGCGTATCTATACCAGTGGGAGCACCAACTACAACCCCTCCCTCAAGAGTCGAGTCACCATGTCAGTAGACACGTCCAAGAACCAGTTCTCCCTGAAGCTGAGCTCTGTGACCGCCGCGGACACGGCCGTGTATTACTGTGCGAG	275	-1
assemble39	44N248M82S4N	271S1N16M43S	273S51M6S		GGCCTCAGTGAAGGTTTCCTGCAAGGCTTCTGGATACACCTTCACTAGCTATGCTATGCATTGGGTGCGCCAGGCCCCCGGACAAAGGCTTGAGTGGATGGGATGGATCAACGCTGGCAATGGTAACACAAAATATTCACAGAAGTTCCAGGGCAGAGTCACCATTACCAGGGACACATCCGCGAGCACAGCCTACATGGAGCTGAGCAGCCTGAGATCTGAAGACACGGCTGTGTATTACTGTGCGATGGGGTGGGTCGGTCCTCGGGCAGTACAACTGGTTCGACCCCTGGGGCCAGGGAACCCTGGTCACCGTCTCCTCAG	GGCCTCAGTGAAGGTTTCCTGCAAGGCTTCTGGATACACCTTCACTAGCTATGCTATGCATTGGGTGCGCCAGGCCCCCGGACAAAGGCTTGAGTGGATGGGATGGATCAACGCTGGCAATGGTAACACAAAATATTCACAGAAGTTCCAGGGCAGAGTCACCATTACCAGGGACACATCCGCGAGCACAGCCTACATGGAGCTGAGCAGCCTGAGATCTGAAGACACGGCTGTGTATTACTGTGCGATGGGGTGGGTCGGTCCTCGGGCAGTACAACTGGTTCGACCCCTGGGGCCAGGGAACCCTGGTCACCGTCTCCTCAG	241	292
assemble40	31N263M55S2N	283S8N14M21S9N	284S2N1M3I33M24N		TGAAAAAGCCCGGGGAGTCTCTGAAGATCTCCTGTAAGGGTTCTGGATACAGCTTTACCAGCTACTGGATCGGCTGGGTGCGCCAGATGCCCGGGAAAGGCCTGGAGTGGATGGGGATCATCTATCCTGGTGACTCTGATACCAGATACAGCCCGTCCTTCCAAGGCCAGGTCACCATCTCAGCCGACAAGTCCATCAGCACCGCCTACCTGCAGTGGAGCAGCCTGAAGGCCTCGGACACCGCCATGTATTACTGTGCGAGAGAGGGATAGCAGTGGCTTGGGT---ACTACTACTACTACATGGACGTCTGGGGCAAAG	TGAAAAAGCCCGGGGAGTCTCTGAAGATCTCCTGTAAGGGTTCTGGATACAGCTTTACCAGCTACTGGATCGGCTGGGTGCGCCAGATGCCCGGGAAAGGCCTGGAGTGGATGGGGATCATCTATCCTGGTGACTCTGATACCAGATACAGCCCGTCCTTCCAAGGCCAGGTCACCATCTCAGCCGACAAGTCCATCAGCACCGCCTACCTGCAGTGGAGCAGCCTGAAGGCCTCGGACACCGCCATGTATTACTGTGCGAGAGAGGGATAGCAGTGGCTTGGGTACTACTACTACTACTACATGGACGTCTGGGGCAAAG	254	313
assemble41	233N62M164S1N	72S28M126S3N	124S2N1M3I57M44S	182S44M1438N	ACTGTATCTGCAAATGAACAGCCTGAGAGCCGAGGACACGGCTGTGTATTACTGTGCGAGAGGCGATACCCGGTATTACGATTTTTGGAGTGGTTATTATCCGCAAAGAGGACCAGGGCAGTCCT---ACTACTACTACGGTATGGACGTCTGGGGCCAAGGGACCACGGTCACCGTCTCCTCAG	ACTGTATCTGCAAATGAACAGCCTGAGAGCCGAGGACACGGCTGTGTATTACTGTGCGAGAGGCGATACCCGGTATTACGATTTTTGGAGTGGTTATTATCCGCAAAGAGGACCAGGGCAGTCCTACTACTACTACTACGGTATGGACGTCTGGGGCCAAGGGACCACGGTCACCGTCTCCTCAG	52	153
assemble42	166N100M13I16M193S1N		167S4N47M95S	214S95M1387N	GTAGGACGCACTATGCAGACTCTGTGAAGGGCCGATTCATCATCTCCAGAGACAATTCCAGGAACTTCCTGTATCAGCAAATGAACAGCCTGAGGCCCGA-------------NNNNNNNGTGTGAGAAGCATGGCTCCTAACCCCGAGTAGTGGTGGTAGCTGCTACTGCCGCACCTGGCTGGTTCGACCCCTGGGGCCAGGGAACCCTGGTCACCGTCTCCTCAG	GTAGGACGCACTATGCAGACTCTGTGAAGGGCCGATTCATCATCTCCAGAGACAATTCCAGGAACTTCCTGTATCAGCAAATGAACAGCCTGAGGCCCGAGGACATGGCTGTGTATTACTGTGTGAGAAGCATGGCTCCTAACCCCGAGTAGTGGTGGTAGCTGCTACTGCCGCACCTGGCTGGTTCGACCCCTGGGGCCAGGGAACCCTGGTCACCGTCTCCTCAG	122	195
assemble43	28N100M2I139M107S27N		287S48M11S		AGGTGAAGAAGCCTGGGTCCTCAGTGAAGGTCTCCTGCTAGGCTTCCAGATACACCTTCACCAAATACTTTACACGGTGGGTGTGACAAAGCCCTGGACA--NNNNNNNGTGGATGGGATGAATCAACCCTTACAACGATAACACACACTACGCACAGAAGTTCCGGGGCAGAGTCACCATTACCAGTGACAGGTCCGTGAGCACAGCCTACATGGAGCTGAGCAGCCTGAGATCTGAAGANNNNNNNCCTATGATTACATTTGGGGGAGTTATGTAAATACTGTAAGTACTACTTTGACTACTGGGGCCAGGGAACCCTGGTCACCGTCTCCTCAG	AGGTGAAGAAGCCTGGGTCCTCAGTGAAGGTCTCCTGCTAGGCTTCCAGATACACCTTCACCAAATACTTTACACGGTGGGTGTGACAAAGCCCTGGACAAGGGCATNAGTGGATGGGATGAATCAACCCTTACAACGATAACACACACTACGCACAGACGTTCTGGGGCAGAGTCACCATTACCAGTGACAGGTCCATGAGCACAGCCTACATGGAGCTGAGCNGCCTGAGATCCGAAGANNNNNNNCCTATGATTACATTTGGGGGAGTTATGTAAATACTGTAAGTACTACTTTGACTACTGGGGCCAGGGAACCCTGGTCACCGTCTCCTCAG	262	305
assemble44	140N157M128S4N	175S20M90S11N	177S7M10D56M35S	250S35M1447N	GGAGTGGCTTGCACTCATTGATTGGGATGATGATAAATACTACAGCACATCTCTGAAGACCAGGCTCACCATCTCCAAGGACACCTCCAAAAACCAGGTGGTCCTTACAATGACCAACATGGACCCTGTGGACACAGCCACGTATTACTGTGCACGGCACCCGGGTCTGTGCCTAGTATTACTATGGTTCAGGGATACTACTACTACATGGACGTCTGGGGCAAAGGGACCACGGTCACCGTCTCCTCAG	GGAGTGGCTTGCACTCATTGATTGGGATGATGATAAATACTACAGCACATCTCTGAAGACCAGGCTCACCATCTCCAAGGACACCTCCAAAAACCAGGTGGTCCTTACAATGACCAACATGGACCCTGTGGACACAGCCACGTATTACTGTGCACGGCACCCGGGTCTGTGCCTAGTATTACTA----------CTACTACTACTACATGGACGTCTGGGGCAAAGGGACCACGGTCACCGTCTCCTCAG	148	218
assemble45	60N141M2I93M15S				TCCTGTGCAGCCTCTGGATTCACCTTTGATGATTATGGCATGAGCTGGGTCCGCCAAGCTCCAGGGAAGGGGCTGGAGTGGGTCTCTGGTATTAATTGGAATGGTGGTAGCACAGGTTATGCAGACTCTGTGAAGGGCCGA--NNNNNNNTCCAGAGACAACGCCAAGAACTCCCTGTATCTGCAAATGAACAGTCTGAGAGCCGAGGACACGGCCTTGTATCACTGTGCGAGAGA	TCCTGTGCAGCCTCTGGATTCACCTTTGATGATTATGGCATGAGCTGGGTCCGCCAAGCTCCAGGGAAGGGGCTGGAGTGGGTCTCTGGTATTAATTGGAATGGTGGTAGCACAGGTTATGCAGACTCTGTGAAGGGCCGATTCACCATCTCCAGAGACAACGCCAAGAACTCCCTGTATCTGCAAATGAACAGTCTGAGAGCCGAGGACACGGCCTTGTATCACTGTGCGAGAGA	225	-1
assemble46	202N74M172S20N	83S7N20M143S4N	111S48M87S	159S87M1395N	TCACCATCTCCAGAGACAATTCCAAGAACACGCTGTATCTGCAAATGAACAGCCTGAGAGCCGAGGACACGGCCCACGGTTATTGTAGTGGTGGTAGCTGCTATAGTAAGTACTACTTTGACTACTGGGGCCAGGGAACCCTGGTCACCGTCTCCTCAG	TCACCATCTCCAGAGACAATTCCAAGAACACGCTGTATCTGCAAATGAACAGCCTGAGAGCCGAGGACACGGCCCACGGTTATTGTAGTGGTGGTAGCTGCTATAGTAAGTACTACTTTGACTACTGGGGCCAGGGAACCCTGGTCACCGTCTCCTCAG	83	127
assemble47	253N45M191S1N		110S6N45M81S	155S81M1401N	GCTCTGTGACCGCCGCGGACACGGCCGTGTATTACTGTGCGAGAGGGGGAAGGTATTACGATTTTTGGAGTGGTTAATTGGCGTCTTGGTCTGGGTTCGACCCNNNNNNNGGTTCGACCCCTGGGGCCAGGGAACCCTGGTCACCGTCTCCTCAG	GCTCTGTGACCGCCGCGGACACGGCCGTGTATTACTGTGCGAGAGGGGGAAGGTATTACGATTTTTGGAGTGGTTAATTGGCGTCTTGGTCTGGGTTCGACCCNNNNNNNGGTTCGACCCCTGGGGCCAGGGAACCCTGGTCACCGTCTCCTCAG	35	123
assemble49	267N29M152S	40S3N17M124S	67S2N1M9I51M62S	119S62M1420N	GACACGGCCGTGTATTACTGTGCGAGAGACCGGCGTTCGTGATACAGCTATGGTTACCGGACACTCCT---------ACTACTACATGGACGTCTGGGGCAAAGGGACCACGGTCACCGTCTCCTGAG	GACACGGCCGTGTATTACTGTGCGAGAGACCGGCGTTCGTGATACAGCTATGGTTACCGGACACTCCTACTACTACTACTACTACATGGACGTCTGGGGCAAAGGGACCACGGTCACCGTCTCCTCAG	18	96
assemble50	276N19M162S1N	28S3N22M131S6N	61S1N62M58S	123S58M1424N	GTGTATTACTGTGCGAGAGCTGTAACTTATATTGTAGTAGTACCAGCTGCGGGCTGACAGTTTACTACTACTACTACGGTATGGACGTCTGGGGCCAAGGGACCACGGTCACCGTCTCCTCAG	GTGTATTACTGTGCGAGAGCTGTAACTTATATTGTAGTAGTACCAGCTGCGGGCTGACAGTTTACTACTACTACTACGGTATGGACGTCTGGGGCCAAGGGACCACGGTCACCGTCTCCTCAG	9	91
assemble51			33S2N1M6I54M93S	88S93M1389N	T------ACTACTACTACATGGACGTCTGGGGCAAAGGGACCACGGTCACCGTCTCCTCAG	TACTACTACTACTACTACATGGACGTCTGGGGCAAAGGGACCACGGTCACCGTCTCCTCAG	-1	29
assemble52			45S48M86S	93S86M1396N	ACTACTTTGACTACTGGGGCCAGGGAACCCTGGTCACCGTCTCCTCAG	ACTACTTTGACTACTGGGGCCAGGGAACCCTGGTCACCGTCTCCTCAG	-1	16
assemble53	158N135M42S3N	161S8N8M8S15N	162S5N15M31N		CGGTGGTAGTAGCACATACTATGCAGACTCCGTGAAGGGCCGATTCACCATCTCCAGAGACAATTCCAAGAACACGCTGTATCTGCAAATGAACAGCCTGAGAGCTGAGGACACGGCTGTGTATTACTGTGCGAACGGAGGCAGCAGAAAGGTGTCTTGGGATGGTTCGACCCCTGG	CGGTGGTAGTAGCACATACTATGCAGACTCCGTGAAGGGCCGATTCACCATCTCCAGAGACAATTCCAAGAACACGCTGTATCTGCAAATGAACAGCCTGAGAGCTGAGGACACGGCTGTGTATTACTGTGCGAACGGAGGCAGCAGAAAGGTGTCTTGGGATGGTTCGACCCCTGG	127	176
assemble55	131N163M10S2N				GCTGGAGTGGGTCTCAGTTATTTATAGCGGTGGTAGTAGCACATACTATGCAGACTCCGTGAAGGGCCGATTCACCATCTCCAGAGACAATTCCAAGAACACGCTGTATCTGCAAATGAACAGCCTGAGAGCTGAGGACACGGCTGTGTATTACTGTGCGAAA	GCTGGAGTGGGTCTCAGTTATTTATAGCGGTGGTAGTAGCACATACTATGCAGACTCCGTGAAGGGCCGATTCACCATCTCCAGAGACAATTCCAAGAACACGCTGTATCTGCAAATGAACAGCCTGAGAGCTGAGGACACGGCTGTGTATTACTGTGCGAAA	154	-1
assemble56	274N22M150S	44S11N8M120S12N	48S5N46M78S	94S78M1404N	CTGTGTATTACTGTGCGAAAGATCTCCCGAACTTATGTATATGTCTGGTGGTTCGACCCCTGGGGCCAGGGAACCCTGGTCACCGTCTCCTCAG	CTGTGTATTACTGTGCGAAAGATCTCCCGAACTTATGTATATGTCTGGTGGTTCGACCCCTGGGGCCAGGGAACCCTGGTCACCGTCTCCTCAG	11	62
assemble57	253N43M126S	47S2N26M96S3N	120S9N39M10S		GCCTGAGATCTGAAGACACGGCTGTGTATTATTGTGCGAGAGATGAGATTACGATATTTTGACTGGTTATTATCTGACCGAGCTGGTTTTGAGTTCCCTGAAATCCACCTAACCTGCGCAACTACTGGGGCCAGGGAACCCTGGTCACCGTCTCCTCAG	GCCTGAGATCTGAAGACACGGCTGTGTATTACTGTGCGAGAGATGAGATTACGATATTTTGACTGGTTATTATCTGACCGAGCTGGTTTTGAGTTCCCTGAAATCCACCTAACCTGCGCAACTACTGGGGCCAGGGAACCCTGGTCACCGTCTCCTCAG	32	127
assemble58	193N103M64S	106S7N14M47S2N	125S6N42M		AGGGCCGATTCACCATCTCCAGAGACAATTCCAAGAACACGCTGTATCTGCAAATGAACAGCCTGAGAGCTGAGGACACGGCTGTGTATTACTGTGCGAAAGATAGTAGTGGCTACGATTGAATGTTGACTACTGGGGCCAGGGAACCCTGGTCACCGTCTCCTCAG	AGGGCCGATTCACCATCTCCAGAGACAATTCCAAGAACACGCTGTATCTGCAAATGAACAGCCTGAGAGCTGAGGACACGGCTGTGTATTACTGTGCGAAAGATAGTAGTGGCTACGATTGAATGTTGACTACTGGGGCCAGGGAACCCTGGTCACCGTCTCCTCAG	92	135
assemble59			28S3N60M75S	88S75M1407N	ACTACTACTACTACTACATGGACGTCTGGGGCAAAGGGACCACGGTCACCGTCTCCTCAG	ACTACTACTACTACTACATGGACGTCTGGGGCAAAGGGACCACGGTCACCGTCTCCTCAG	-1	28
assemble60	248N48M113S	57S3N8M1D4M91S4N	78S2M3I58M23S	138S23M1459N	GAACAGCCTGAGAGCTGAGGACATGACCGTGTATTACTGTGTGAGAGGGGCCATCCCCTACGGTGAGTAAACACGAATAT---TACTACTACTACTACATGGACGTCTGGGGCAAAGGGACCACGGTCACCGTCTCCTCAG	GAACAGCCTGAGAGCTGAGGACATGACCGTGTATTACTGTGTGAGAGGGGCCATCCCCTACGGTG-GTAAACACGAATATTACTACTACTACTACTACATGGACGTCTGGGGCAAAGGGACCACGGTCACCGTCTCCTCAG	37	109
assemble61	215N79M146S8N	81S10N14M130S7N	112S2N61M52S	173S52M1430N	CTCAAGAGATGATTCCAAAAGCATCGCCTATCTGCAAATGAACAGCCTGAAAACCGAGGACACAGCCGTGTATTACTGTGGGGTTCGGGGAGTTAACATCGATAAGAAGTAATACTACTACTACTACGGTATGGACGTCTGGGGCCAAGGGACCACGGTCACCGTCTCCTCAG	CTCAAGAGATGATTCCAAAAGCATCGCCTATCTGCAAATGAACAGCCTGAAAACCGAGGACACAGCCGTGTATTACTGTGGGGTTCGGGGAGTTAACATCGATAAGAAGTAATACTACTACTACTACGGTATGGACGTCTGGGGCCAAGGGACCACGGTCACCGTCTCCTCAG	76	141
assemble62			35S9N39M74S	74S74M1408N	ACTACTGGGGCCAGGGAACCCTGGTCACCGTCTCCTCAG	ACTACTGGGGCCAGGGAACCCTGGTCACCGTCTCCTCAG	-1	7
assemble63	170N125M21S1N				CACATATTATGCAAACTCTGTGAAGGGCAGATTCACCATCTCCAGAGACAATTCCAAGAACACGCTGTATCTTCAAATGGGCAGCCTGAGAGCTGAGGACATGGCTGTGTATTACTGTGCGAGAG	CACATATTATGCAAACTCTGTGAAGGGCAGATTCACCATCTCCAGAGACAATTCCAAGAACACGCTGTATCTTCAAATGGGCAGCCTGAGAGCTGAGGACATGGCTGTGTATTACTGTGCGAGAG	115	-1
assemble64	222N73M129S1N	86S4N17M99S	110S2N46M46S	156S46M1436N	TCCACGAGCACAGTCTACATGGAGCTGAGCAGCCTGAGATCTGAGGACACGGCCGTGTATTACTGTGCGAGAGTGCAAGTGACCTAATAGCAGTGGCTGGTACGATTCCATACTTTGACTACTGGGGCCAGGGAACCCTGGTCACCGTCTCCTCAG	TCCACGAGCACAGTCTACATGGAGCTGAGCAGCCTGAGATCTGAGGACACGGCCGTGTATTACTGTGCGAGAGTGCAAGTGACCTAATAGCAGTGGCTGGTACGATTCCATACTTTGACTACTGGGGCCAGGGAACCCTGGTCACCGTCTCCTCAG	63	124
assemble65			43S1N1M3I58M25S	102S25M1457N	T---TACTACTACTACGGTATGGACGTCTGGGGCCAAGGGACCACGGTCACCGTCTCCTCAG	TTACTACTACTACTACGGTATGGACGTCTGGGGCCAAGGGACCACGGTCACCGTCTCCTCAG	-1	30
assemble67	260N36M195S	46S26M159S5N	79S2N1M3I57M94S	137S94M1388N	AGCCGAGGACACGGCTGTGTATTACTGTGCGAGAGATGGAAGCGGCGTATTACGATTTTTGGAGTGGTTCTTCCGACCAT---ACTACTACTACTACATGGACGTCTGGGGCAAAGGGACCACGGTCACCGTCTCCTCAG	AGCCGAGGACACGGCTGTGTATTACTGTGCGAGAGATGGAAGCGGCGTATTACGATTTTTGGAGTGGTTATTCCGACCATACTACTACTACTACTACATGGACGTCTGGGGCAAAGGGACCACGGTCACCGTCTCCTCAG	25	108
assemble68	85N211M11S				TTACCAGCTACTGGATCGGCTGGGTGCGCCAGATGCCCGGGAAAGGCCTGGAGTGGATGGGGATCATCTATCCTGGTGACTCTGATACCAGATACAGCCCGTCCTTCCAAGGCCAGGTCACCATCTCAGCCGACAAGTCCATCAGCACCGCCTACCTGCAGTGGAGCAGCCTGAAGGCCTCGGACACCGCCATGTATTACTGTGCGAGACA	TTACCAGCTACTGGATCGGCTGGGTGCGCCAGATGCCCGGGAAAGGCCTGGAGTGGATGGGGATCATCTATCCTGGTGACTCTGATACCAGATACAGCCCGTCCTTCCAAGGCCAGGTCACCATCTCAGCCGACAAGTCCATCAGCACCGCCTACCTGCAGTGGAGCAGCCTGAAGGCCTCGGACACCGCCATGTATTACTGTGCGAGACA	200	-1
assemble69	157N139M69S	159S1N20M29S	187S21M29N		GTAGTGGTAGTACCATAAACTACGCAGACTCTGTGAAGGGCCGATTCACCATCTCCAGAGACAACGCCAAGAACTCACTGTATCTGCAAATGAACAGCCTGAGAGCCGAGGACACGGCCGTGTATTACTGTGCGAGAGATCGGAGATACCCCTTGACAAGGTATAGCAGTGGCTGGTACGAAATTAATGATGCTTTTGATATCTGGGG	GTAGTGGTAGTACCATATACTACGCAGACTCTGTGAAGGGCCGATTCACCATCTCCAGGGACAACGCCAAGAACTCACTGTATCTGCAAATGAACAGCCTGAGAGCCGAGGACACGGCCGTGTATTACTGTGCGAGAGATCGGAGATACCCCTTGACAAGGTATAGCAGTGGCTGGTACGAAATTAATGATGCTTTTGATATCTGGGG	128	205
assemble70	182N100M107S14N		152S2N1M6I54M		AGACTCCGTGAAGGGCCGATTCACCATCTCCAGAGACAATTCCAAGAACACGCTGTATCTGCAAATGAACAGCCTGAGAGCCGAGGACACGGCTGTGTATNNNNNNNAGATCATACCTTTATGATTACATTTGGGGGAGTTATCGTTATCCCT------ACTACTACTACATGGACGTCTGGGGCAAAGGGACCACGGTCACCGTCTCCTCAG	AGACTCCGTGAAGGGCCGATTCACCATCTCCAGAGACAATTCCAAGAACACGCTGTATCTGCAAATGAACAGCCTGAGAGCCGAGGACACGGCTGTGTATNNNNNNNAGATCATACCTTTATGATTACATTTGGGGGAGTTATCGTTATCCCTACTACTACTACTACTACATGGACGTCTGGGGCAAAGGGACCACGGTCACCGTCTCCTCAG	131	181
assemble71	128N100M107S68N		143S48M16S		GGGGCTAGAGTGGGTGGCAGTTATATCATATGATGGAAGTAATAAATACTACGCAGACTCCGTGAAGGGCCGATTCACCATCTCCAGAGACAATTCCAAGNNNNNNNTTTGACTGGTTATTAAGAGGCGACCCAAGAATCAATACTACTTTGACTACTGGGGCCAGGGAACCCTGGTCACCGTCTCCTCAG	GGGGCTAGAGTGGGTGGCAGTTATATCATATGATGGAAGTAATAAATACTACGCAGACTCCGTGAAGGGCCGATTCACCATCTCCAGAGACAATTCCAAGNNNNNNNTTTGACTGGTTATTAAGAGGCGACCCAAGAATCAATACTACTTTGACTACTGGGGCCAGGGAACCCTGGTCACCGTCTCCTCAG	109	159
assemble73	242N59M148S1N		107S33N19M81S	126S81M1401N	CTATCTGCAAATGAAGAGCCTGAAAACCGAGGACACGGCCGTGTATTACTGTTCCAGAGCCGGGACATATTGTAGTAGTACCAGCTGCCCGCAGGGGGTCNNNNNNNCTGGTCACCGTCTCCTCAG	CTATCTGCAAATGAAGAGCCTGAAAACCGAGGACACGGCCGTGTATTACTGTTCCAGAGCCGGGACATATTGTAGTAGTACCAGCTGCCCGCAGGGGGTCNNNNNNNCTGGTCACCGTCTCCTCAG	49	99
assemble74	204N92M115S		107S16N47M53S	154S53M1429N	ACCATCTCCAGAGAAAACGCCAAGAACACGCTGTATCTGCAGATGAACAGTCTGTGAGCCGAGGACACGGCTGTGTATTACTGTGCAAGAGATCATACCTNNNNNNNCTACATGGACGTCTGGGGCAAAGGGACCACGGTCACCGTCTCCTCAG	ACCATCTCCAGAGACAACGCCAAGAACACGCTGTATCTGCAAATGAACAGTCTGAGAGCCGAGGACACGGCTGTGTATTACTGTGCAAGAGATCATACCTNNNNNNNCTACATGGACGTCTGGGGCAAAGGGACCACGGTCACCGTCTCCTCAG	81	122
assemble75	264N32M175S	40S7N18M149S6N	68S6N32M107S10N	121S86M1396N	GAGGACACGGCTGTGTATTACTGTGCGAAAGATATACTAGTATGATAGTAGTGGTTATGGGTTCATTGTTTACTACTGGGGCCAGGGAACCCTGGTCACC	GAGGACACGGCTGTGTATTACTGTGCGAAAGATATACTAGTATGATAGTAGTGGTTATGGGTTCATTGTTGACTACTGGGGCCAGGGAACCCTGGTCACC	21	78
assemble76	149N100M27I25M82S1N	142S8N20M45S3N	164S13N35M8S		TACTAGAAACAAAGCTAACAGTTACACCACAGAATACGCCGCGTCTGTGAAAGGCAGATTCACCATCTCAAGAGATGATTCAAAGAACTCACTGTATCTG---------------------------NNNNNNNTGTATTACTGTGCTAGAGCCTTCGCTATCCCCGGCGTAGTGGTGGTAGCTGCTACATCTGGGGCCAGGGAACCCTGGTCACCGTCTCCTCAG	TACTAGAAACAAAGCTAACAGTTACACCACAGAATACGCCGCGTCTGTGAAAGGCAGATTCACCATCTCAAGAGATGATTCAAAGAACTCACTGTATCTGCAAATGAACAGCCTGAAAACCGAGGACACGGCCGTGTATTACTGTGCTAGAGCCTTCGCTATCCCCGGCGTAGTGGTGGTAGCTGCTACATCTGGGGCCAGGGAACCCTGGTCACCGTCTCCTCAG	142	194
assemble77	162N91M9D40M67S3N	149S3N16M42S2N	175S11N32M5N		GGTGGTAGCACAAGCTACGCACAGAAGTTCGAGGGCAGAGTCACCATGACCAGGGACACGTCCACGAGCACAGTCTACATGGAGCTGAGCAGCCTGAGATNNNNNNNATCTGAGGACACGGCCGTGTATTACTGTGCGAGGACCGGCCCTATAGCAGTGGCTGGTTTCACTAGGTTACTGGGGCCAGGGAACCCTGGTCACCGTCTC	GGTGGTAGCACAAGCTACGCACAGAAGTTCCAGGGCAGAGTCACCATGACCAGGGACACGTCCACGAGCACAGTCTACATGGAGCTGAGCA---------GCCTGAGATCTGAGGACACGGCCGTGTATTACTGTGCGAGGACCGGCCCTATAGCAGTGGCTGGTTTCACTAGGTTACTGGGGCCAGGGAACCCTGGTCACCGTCTC	132	180
assemble78	212N84M123S			121S86M1396N	AGTAGACACGTCCAAGAACCAGTTCTCCCTGAAGCTGAGCTCTGTGACCGCCGCAGACACGGCCGTGTATTACTGTGCGAGGCA	AGTAGACACGTCCAAGAACCAGTTCTCCCTGAAGCTGAGCTCTGTGACCGCCGCAGACACGGCCGTGTATTACTGTGCGAGACA	73	-1
assemble79	160N133M65S	137S1N24M37S6N	176S9N22M20N		GTGGGAGCACCAACTACAACCCCTCCCTCAAGAGTCGAGTCACCATATCAGTAGACACGTCCAAGAACCAGTTCTCCCTGAAGCTGAGCTCTGTGACCGCTGCGGACACGGCCGTGTATTACTGTGCGAGAGACCCCTATTACTATGATAGTAGTGGTTATATGCCGTGACCCAGCTCGACCCCTGGGGCCAGGGAAC	GTGGGAGCACCAACTACAACCCCTCCCTCAAGAGTCGAGTCACCATATCAGTAGACACGTCCAAGAACCAGTTCTCCCTGAAGCTGAGCTCTGTGACCGCTGCGGACACGGCCGTGTATTACTGTGCGAGAGACCCCTATTACTATGATAGTAGTGGTTATATGCCGTGACCCAGCTCGACCCCTGGGGCCAGGGAAC	122	186
assemble80	151N144M51S1N		180S9N15M39N		TCAACGCTGGCAATGGTAACACAAAATATTCACAGAAGTTCCAGGGCAGAGTCACCATTACCAGGGACACATCCGCGAGCACAGCCTACATGGAGCTGAGCAGCCTGAGATCTGAAGACACGGCTGTGTATTACTGTGCGAGAGGGGCGGGGCCGAGCATATTGTGGTGGTGATTGTGAAACTACTACTACATGG	TCAACGCTGGCAATGGTAACACAAAATATTCACAGAAGTTCCAGGGCAGAGTCACCATTACCAGGGACACATCCGCGAGCACAGCCTACATGGAGCTGAGCAGCCTGAGATCTGAAGACACGGCTGTGTATTACTGTGCGAGAGGGGCGGGGCCGAGCATATTGTGGTGGTGATTGTGAAACTACTACTACATGG	134	193
assemble81	230N65M136S1N		107S18N34M60S	141S60M1422N	CACGCTGTATCTGCAAATGAACAGCCTGAGAGCTGAGGACACGGCTGTGTATTACTGTGCGAAAGTTTCGGGGGATATTGTACTGGTGGTGTATGCTATANNNNNNNTGGGGCCAGGGCACCCTGGTCACCGTCTCCTCAG	CACGCTGTATCTGCAAATGAACAGCCTGAGAGCTGAGGACACGGCTGTGTATTACTGTGCGAAAGTTTCGGGGGATATTGTACTGGTGGTGTATGCTATANNNNNNNTGGGGCCAGGGCACCCTGGTCACCGTCTCCTCAG	55	109
assemble82	154N142M50S				CATATGATGGAAGTAATAAATACTACGCAGACTCCGTGAAGGGCCGATTCACCATCTCCAGAGACAATTCCAAGAACACGCTGTATCTTCAAATGAACAGCCTGAGAGCTGAGGACACGGCTGTGTATTACTGTGCGAGAGA	CATATGATGGAAGTAATAAATACTACGCAGACTCCGTGAAGGGCCGATTCACCATCTCCAGAGACAATTCCAAGAACACGCTGTATCTTCAAATGAACAGCCTGAGAGCTGAGGACACGGCTGTGTATTACTGTGCGAGAGA	131	-1
assemble83	198N96M100S2N		123S51M22S	174S22M1460N	CGATTCACCATCTCCAGAGACAACGCCAAGAACTCACTGTATCTGCAAATGAACAGCCTGAGAGCCGAGGACACGGCTGTGTATTACTGTGCGAGGAATCNNNNNNNTAGTAGGGTTTACAGTACAACTGGTTCGACCCCTGGGGCCAGGGAACCCTGGTCACCGTCTCCTCAG	CGATTCACCATCTCCAGAGACAACGCCAAGAACTCACTGTATCTGCAAATGAACAGCCTGAGAGCCGAGGACACGGCTGTGTATTACTGTGCGAGGAATCNNNNNNNTAGTAGGGTTTACAGTACAACTGGTTCGACCCCTGGGGCCAGGGAACCCTGGTCACCGTCTCCTCAG	87	142
